id,dealership,dealership_name,administrator,action
1,Wordify,Snaptags,Kass,true
2,Jaxspan,Vipe,Moria,false
3,Jabbercube,Einti,Pearla,false
4,Quatz,Gigabox,Jeanne,false
5,Browsedrive,Ainyx,Merrel,true
6,Jabbersphere,Pixonyx,Flynn,true
7,Realcube,BlogXS,Rollin,false
8,Blogspan,Quimm,Melitta,false
9,Pixope,DabZ,Aylmer,true
10,Feedspan,Jabberstorm,Jemmie,false
11,Rhynyx,Dabvine,Keelby,false
12,Izio,Fliptune,Lenore,false
13,Rooxo,Pixoboo,Kizzee,false
14,Twinte,Jabberstorm,Maighdiln,false
15,Rhyzio,Gabvine,Sandy,true
16,Browsebug,Kayveo,Irena,true
17,Jaxbean,Jaxspan,Baxie,false
18,Yacero,Photofeed,Levey,true
19,Livetube,Devpulse,Gerrard,true
20,Dazzlesphere,Linkbuzz,Valentijn,true
21,Skiptube,Tagfeed,Bailey,false
22,Lajo,Dabshots,Beth,false
23,Blognation,Edgeify,Viviene,true
24,LiveZ,Youopia,Una,false
25,Youspan,Dynava,Noni,false
26,Shufflebeat,Feednation,Nikki,false
27,Skilith,Quatz,Fraze,true
28,Jaxbean,Meejo,Auberon,false
29,Twitterwire,Wikizz,Lucias,false
30,Kamba,Photofeed,Gwendolin,false
31,Flipopia,Livepath,Jillayne,true
32,Centidel,Skyndu,Gavan,false
33,Skimia,Thoughtblab,Moria,false
34,Zoovu,Cogilith,Abeu,false
35,Shuffledrive,Trunyx,Constantia,false
36,Kazu,Agimba,Lida,false
37,Linkbridge,Yambee,Aloysia,true
38,Brightdog,Brainbox,Anna,true
39,Youbridge,Oyope,Shoshana,true
40,Skipfire,Voomm,Carr,true
41,Kaymbo,Twitterbridge,Cherry,true
42,Gigashots,Dynazzy,Ilsa,true
43,Feedspan,Photobug,Jania,false
44,Zoomlounge,Rooxo,Simonne,false
45,Quaxo,Devify,Shae,false
46,Topdrive,Skyba,Conney,true
47,DabZ,Edgepulse,Debby,true
48,Voonix,Babbleblab,Delia,true
49,Oyoyo,Kanoodle,Mirna,false
50,Avavee,Jabbersphere,Thornton,true
51,Aimbo,Topicstorm,Donnie,true
52,Dynabox,Jayo,Josias,true
53,Quinu,Browseblab,Rickie,true
54,Nlounge,Rhybox,Karolina,true
55,Viva,Mybuzz,Benny,false
56,Roomm,Voonder,Gunar,false
57,Quinu,Skyndu,Ruthie,false
58,Quatz,Devcast,Lenore,false
59,Feedmix,Buzzster,Gnni,true
60,Kazio,Feednation,Angel,false
61,Flipstorm,Centimia,Anabelle,false
62,Realblab,Shuffledrive,Clemence,false
63,Kimia,Quire,Sidonnie,false
64,Bluejam,Thoughtblab,Marsha,true
65,Kazu,Oyondu,Bernarr,false
66,Camimbo,Roodel,Florella,true
67,Eimbee,Miboo,Federica,false
68,Babbleopia,Skiba,Marillin,false
69,Voomm,Zoombeat,Tony,false
70,Gigashots,Miboo,Adriane,true
71,Skynoodle,Trudoo,Britta,false
72,Vinder,Kazu,Ginger,false
73,Bubbletube,Ooba,Leanna,false
74,InnoZ,Tagcat,Jessica,true
75,Riffpath,Oyoba,Jeniece,true
76,Oyoyo,Yodel,Heidie,true
77,Realbuzz,Mynte,Joelynn,true
78,Buzzdog,Quinu,Nara,false
79,Zoonder,Skiba,Lind,true
80,Wordpedia,Plambee,Tonya,true
81,Oloo,Quinu,Bendicty,false
82,Twitterwire,Topicware,Delora,true
83,Ainyx,Bluezoom,Tatiana,false
84,Rhycero,Photospace,Dorian,true
85,Feedbug,Vimbo,Kamila,true
86,Zooveo,Youopia,Nicky,false
87,Thoughtbeat,Geba,Sandra,false
88,Skyvu,Teklist,Abbye,true
89,Gigazoom,Eazzy,Tamarra,true
90,Mymm,Oozz,Irwinn,true
91,Yadel,Wikibox,Clyve,false
92,Thoughtmix,Zoomcast,Rory,true
93,Edgeify,Bluezoom,Jase,false
94,Jabbertype,Zazio,Kristofor,false
95,Mita,Tambee,Teressa,false
96,Divape,Youspan,Richmound,true
97,Quire,Vinder,Bertha,false
98,Quatz,Trunyx,Avril,false
99,Topicware,Zooxo,Bengt,true
100,Lazzy,Skyndu,Laryssa,false
101,InnoZ,Realblab,Maiga,true
102,Thoughtstorm,Fadeo,Nataline,false
103,Flipbug,Katz,Roch,true
104,Linkbridge,Abata,Deirdre,false
105,Twinte,Quamba,Janean,false
106,Oba,Oozz,Ardenia,true
107,Tagcat,Zoomzone,Karola,false
108,Cogilith,Flipopia,Shelby,false
109,Roomm,Cogilith,Melany,true
110,Wikizz,Thoughtstorm,Trueman,false
111,Tavu,Jazzy,Mick,false
112,Meevee,Edgeblab,Deeann,false
113,Meezzy,Blogspan,Marylee,false
114,Tazz,Chatterpoint,Gothart,false
115,Bubblebox,Devpulse,Cornie,true
116,Wordtune,Oyoba,Keenan,false
117,Feednation,Livetube,Rex,true
118,Muxo,Oodoo,Franklin,false
119,Feedfish,Voolia,Micki,false
120,Flashpoint,Twiyo,Myrvyn,false
121,Eadel,Jamia,Barnett,true
122,Browsecat,Linktype,Em,false
123,Quaxo,Kanoodle,Andie,false
124,Flipbug,Dynava,Melisandra,false
125,Rooxo,Abata,Torrey,true
126,Eire,Wordware,Emmery,false
127,Oyonder,Rhynyx,Huberto,false
128,Zooxo,Livepath,Yolanthe,true
129,Dabvine,Rhyloo,Melicent,true
130,Flashset,Zoombox,Jorrie,true
131,Zava,Demimbu,Saleem,true
132,Browseblab,Thoughtbridge,Yvon,false
133,Skimia,Edgeclub,Tab,true
134,LiveZ,Topicstorm,Jamie,false
135,Mynte,Muxo,Edee,false
136,Realcube,Dynabox,Bordie,true
137,Linkbridge,Katz,Jacquenette,false
138,Feedspan,Wordpedia,Harald,true
139,Skyble,Muxo,Padriac,false
140,Teklist,Tagcat,Broderick,false
141,Gigazoom,Voonyx,Aaren,true
142,Jabbercube,Lazzy,Holmes,true
143,Linkbuzz,Meeveo,Rozina,false
144,Flashpoint,Skippad,Michelle,false
145,Jaloo,Talane,Ashlee,false
146,Jabbertype,Meembee,Wenda,false
147,Jaloo,Zoomzone,Adena,true
148,Quire,Fiveclub,Milo,false
149,Latz,Npath,Windy,false
150,Dynazzy,Divanoodle,Kerrin,true
151,Livetube,Tagopia,Lindon,true
152,Brightdog,Fivespan,Ravi,false
153,Rhynoodle,Voolia,Coral,false
154,Divape,Vinder,Griffith,true
155,Mybuzz,Realmix,Dannie,false
156,Yacero,Mynte,Marve,true
157,Tazzy,Brainlounge,Janine,false
158,Vitz,Zoomdog,Merridie,false
159,Minyx,Demivee,Sherline,true
160,Mita,Twitterbridge,Valenka,false
161,Quimm,Dynabox,Kellen,false
162,Teklist,Jaloo,Justen,false
163,Feedfish,Rhycero,Wolfie,true
164,Meezzy,Yozio,Jodi,false
165,Photofeed,Roodel,Randi,false
166,Trilia,Edgewire,Kilian,true
167,Jazzy,Linklinks,Tod,false
168,Jaxworks,Jabbersphere,Sayre,true
169,Fadeo,Realmix,Miranda,true
170,Mydo,Tagcat,Gayleen,false
171,Yodo,Voonte,Elga,true
172,Skivee,Izio,Whit,false
173,Babbleblab,Browsedrive,Amos,true
174,Fatz,Twitterbridge,Francklyn,true
175,Gabspot,Flashpoint,Erwin,true
176,Jaxnation,Zooxo,Ruttger,false
177,Quinu,Yata,Osbourne,true
178,Meevee,Blogspan,Elli,true
179,Pixoboo,Edgeblab,Hetty,false
180,Browsetype,Vipe,Graehme,false
181,Kaymbo,Oloo,Stanislaus,true
182,Bluejam,Teklist,Maxwell,true
183,Jabbertype,Tagopia,Tammie,false
184,Zoombox,Twinder,Neille,false
185,Chatterbridge,Skipfire,Vivie,true
186,Eayo,Voonder,Stefano,false
187,Thoughtsphere,Zoonoodle,Moira,true
188,Skivee,Skinte,Hestia,false
189,Youspan,Wordpedia,Ber,true
190,Gabtype,LiveZ,Michail,false
191,Devpoint,Brainbox,Costanza,true
192,Voonder,Thoughtworks,Bat,true
193,Skiptube,Gabspot,Gus,false
194,Bluejam,Trunyx,Lura,false
195,Photojam,Voonte,Sondra,true
196,Plambee,Buzzster,Reilly,true
197,Tagtune,Riffpath,Izabel,true
198,Avaveo,Bluejam,Issi,true
199,Flipstorm,Demivee,Haily,true
200,Tazzy,Janyx,Sean,true
201,Skimia,Izio,Clarice,false
202,Oyonder,Innojam,Valma,true
203,Mycat,Voonte,Birgit,false
204,Trunyx,Yombu,Karleen,true
205,Tekfly,Trilith,Romeo,false
206,Abatz,Devcast,Sal,true
207,Vinte,Skyvu,Kristen,true
208,Zoozzy,LiveZ,Tammy,false
209,Tagcat,Wordtune,Bonnee,false
210,Brainverse,Fliptune,Obadias,false
211,Vidoo,Rhyzio,Rosalia,false
212,Skynoodle,Feedfish,Dee dee,true
213,Quaxo,Camimbo,Fritz,true
214,BlogXS,Shuffledrive,Claudianus,true
215,Tazzy,Bubblemix,Rebeka,false
216,Teklist,Tazzy,Gaston,false
217,Thoughtstorm,Thoughtbeat,Thaddus,false
218,Demimbu,Omba,Selena,false
219,Babbleopia,Centizu,Lyndel,true
220,Linkbridge,Meembee,Danica,true
221,Muxo,Brightbean,Willow,false
222,Fivespan,Thoughtstorm,Goober,true
223,Ooba,Youopia,Curry,true
224,Eabox,Gigazoom,Orion,false
225,Skaboo,Tagfeed,Schuyler,false
226,Twitternation,Meevee,Amalia,true
227,Youfeed,Thoughtbeat,Frederik,true
228,JumpXS,Babbleopia,Terencio,true
229,Jetwire,Thoughtstorm,Angie,true
230,Skilith,Dazzlesphere,Kendell,false
231,Skyndu,InnoZ,Conant,true
232,Trupe,Edgeclub,Shaun,false
233,Realpoint,Thoughtbridge,Meade,false
234,Yabox,Plambee,Lonee,true
235,Wikibox,Blogpad,Yank,false
236,Skipfire,Rhyloo,Collie,true
237,Twimbo,Brainlounge,Minda,true
238,Leenti,Edgetag,Luciano,true
239,Youbridge,Abata,Sanson,false
240,Centizu,Dabtype,Leta,false
241,Blognation,Linkbuzz,Paquito,true
242,Miboo,Trilia,Jean,false
243,Gabspot,Divape,Allan,true
244,Mydo,Blogtag,Durante,true
245,Flashspan,Flipopia,Jehanna,true
246,Izio,Avaveo,Meta,false
247,Quinu,Devbug,Reinaldo,true
248,Skidoo,Youbridge,Corabel,true
249,Einti,Ntag,Erick,false
250,Leexo,Abata,Michel,false
251,Bubbletube,Devpulse,Jamey,false
252,Browsetype,Oyoloo,Tabina,true
253,Yozio,Skivee,Jerad,true
254,Gigaclub,Devcast,Claudette,false
255,Eazzy,Oba,Kary,true
256,Skidoo,Meevee,Alexa,false
257,Skyba,Mybuzz,Rossie,true
258,Twinte,Aimbu,Sherman,true
259,Yakitri,Photobug,Shannah,true
260,Oyoyo,Youfeed,Lilas,false
261,Rhycero,Wikivu,Saundra,false
262,Wordware,Trunyx,Horacio,false
263,Yata,Gevee,Kennett,false
264,Zazio,Quire,Maurice,false
265,Jaxbean,Livetube,Arlee,true
266,Voomm,Eayo,Nickie,false
267,Photolist,Ozu,Aliza,true
268,Skiba,Linkbridge,Windy,true
269,Dabtype,Plambee,Earlie,true
270,Mybuzz,Skimia,Milzie,true
271,Feedfire,Lazz,Natalina,true
272,Dazzlesphere,Brainlounge,Marilyn,true
273,Dynabox,Flashdog,Salli,true
274,Voonyx,Tagtune,Bernice,true
275,Avamba,Kazio,Ariel,true
276,Quimm,Realfire,Joell,true
277,Photobug,Reallinks,Letitia,false
278,Buzzbean,Flashspan,Sada,false
279,Muxo,Skajo,Inness,true
280,Dabjam,Shufflester,Audi,true
281,Vinte,Twitterwire,Warde,false
282,Feedbug,Lajo,Rene,true
283,Kazio,Mynte,Kathrine,true
284,Tagcat,Tagcat,Adriane,false
285,Abatz,Dabjam,Alissa,false
286,Yabox,Latz,Emmy,true
287,Babbleblab,Skalith,Aloysius,false
288,Fliptune,Skyba,Sydney,true
289,Skipstorm,Gigabox,Darice,true
290,Demivee,Twitterbeat,Debby,false
291,Fivespan,Abata,Livia,false
292,Meemm,Youspan,Mervin,true
293,Abatz,Camimbo,Liza,false
294,Eidel,Youfeed,Seymour,true
295,Oba,Tekfly,Moreen,true
296,Quinu,Aibox,Leigha,false
297,Abata,Jabberbean,Bathsheba,true
298,Wordtune,Jazzy,Kort,false
299,Divavu,Viva,Almire,false
300,Ooba,Aimbo,Dorella,false
301,Kwimbee,Realcube,Urbain,false
302,Cogidoo,Blogtag,Ferris,true
303,Skivee,Divape,Christy,false
304,Zoonoodle,Chatterbridge,Jammie,false
305,Gabspot,Thoughtsphere,Silvano,false
306,Zoombox,Yakitri,Blondelle,false
307,Youbridge,Jayo,Amalie,false
308,Ailane,Leenti,Winnie,false
309,Eayo,Oyondu,Sonya,false
310,Centimia,Vidoo,Micheil,true
311,Dabjam,Quatz,Anneliese,true
312,Divavu,Blogtags,Skipp,false
313,Eire,Trudeo,Karlee,true
314,Skaboo,Yata,Sharai,true
315,Twinder,Zooveo,Charmine,true
316,Dablist,Feedmix,Tara,true
317,Feedfish,Dabjam,Dniren,false
318,Skiptube,Kaymbo,Christopher,false
319,Quatz,Wordware,Cam,true
320,Tazz,Yombu,Matty,true
321,Meembee,Viva,Tera,false
322,Reallinks,Yotz,Anallise,true
323,Realpoint,Tagfeed,Rianon,false
324,Demivee,Bluejam,Udell,false
325,Quatz,Demimbu,Maryann,false
326,Fiveclub,Meezzy,Ollie,true
327,Rhycero,Feedmix,Kettie,true
328,Oyonder,Skibox,Marthe,false
329,Skyvu,Wordpedia,Marga,false
330,Fadeo,Demimbu,Melba,false
331,Browsezoom,Zoombeat,Mikaela,true
332,Lajo,Feedfish,Modesta,false
333,Tazzy,Twiyo,Wendeline,false
334,Skipstorm,Zooveo,Solly,true
335,Agivu,Kare,Julie,true
336,Oyonder,Twimm,Eustace,false
337,Linklinks,Eayo,Vannie,true
338,Dynava,Yamia,Goddart,false
339,Mynte,Shuffledrive,Luca,true
340,Mybuzz,Edgewire,Saudra,false
341,Gigashots,Brainbox,Edith,false
342,Plambee,Skyvu,Alyssa,false
343,Skiptube,Youfeed,Octavius,false
344,Skipstorm,Kazio,Randene,false
345,Avavee,Wordware,Maggi,false
346,Gabcube,Gigabox,Gerrilee,true
347,Topiclounge,Wordtune,Alasteir,true
348,Trudoo,Jabbercube,Maurise,false
349,Centizu,Youfeed,Ianthe,true
350,Zava,Oba,Benyamin,false
351,Ailane,Oyoyo,Lambert,false
352,Blogtags,Chatterbridge,Andrus,true
353,Aimbo,Camimbo,Myrvyn,true
354,Thoughtstorm,Katz,Elisabetta,false
355,Mita,Mynte,Maisey,false
356,Centidel,Dabshots,Augie,true
357,Lajo,Aibox,Goldie,true
358,Twiyo,Chatterbridge,Janette,false
359,Topicstorm,Tagpad,Harold,true
360,Yotz,Cogilith,Gussi,true
361,InnoZ,Realblab,Kath,false
362,Voolia,JumpXS,Wilhelmine,false
363,Yabox,Gabcube,Kiley,false
364,Muxo,Wikizz,Davine,false
365,Zoomlounge,Yodel,Jeddy,false
366,Zoomzone,Eire,Sharyl,false
367,Talane,Flashset,Jillayne,false
368,DabZ,Fatz,Jackie,true
369,Jayo,Zoonder,Mitchel,false
370,Flashset,Wikizz,Massimiliano,true
371,Zoomlounge,Janyx,Drusilla,false
372,Twitterlist,Janyx,Adrianna,true
373,Wikizz,Youopia,Isacco,true
374,JumpXS,Eamia,Eamon,true
375,Podcat,Livetube,Bebe,true
376,Brightbean,Thoughtbeat,Pammi,true
377,Mydeo,Katz,Oberon,false
378,Yambee,Vinte,Talbert,false
379,Rhyzio,Skimia,Fernanda,false
380,Yakijo,Eamia,Bird,false
381,Gigashots,Realblab,Remus,true
382,Skilith,Gigazoom,Margarethe,true
383,Wordtune,Feedspan,Maureene,true
384,Brainlounge,Brainverse,Joe,true
385,Livetube,Mybuzz,Rois,true
386,Gigabox,Browsecat,Arliene,true
387,Fadeo,Twitterbeat,Jillana,false
388,Jamia,Realblab,Mair,true
389,Tazz,Roomm,North,false
390,Tazz,Fivespan,Chelsae,false
391,Rhynoodle,Skynoodle,Saundra,false
392,Devcast,Gigabox,Alexandrina,true
393,Bubblebox,Skipstorm,Eugenius,false
394,Jabbersphere,Feedfire,Valentino,true
395,Yombu,Nlounge,Justin,false
396,Zoomlounge,Photofeed,Neil,false
397,Kwinu,Jaxspan,Kahlil,false
398,Skilith,Realcube,Lacee,true
399,Meeveo,Youfeed,Sandor,true
400,Babbleset,Skajo,Chilton,false
401,Talane,Ozu,De witt,false
402,Voolith,InnoZ,Kamillah,true
403,Divavu,Skippad,Emmanuel,false
404,Meedoo,Buzzbean,Linn,true
405,Jayo,Rooxo,Laina,true
406,Riffpath,Blognation,Clemens,true
407,Dynabox,Kwinu,Nicolas,true
408,Yodel,Wordpedia,Vinny,false
409,Wordify,Geba,Kylen,false
410,Kimia,Gigaclub,Alfie,false
411,Abatz,Babbleblab,Marisa,false
412,Oyoyo,JumpXS,Cynthy,false
413,Plajo,Divape,Atlanta,true
414,Twinte,Ozu,Walden,true
415,Ooba,Mycat,Toddie,true
416,Shuffledrive,Aivee,Rubia,true
417,Dynabox,Zoombox,Matilda,false
418,Leenti,Wikizz,Bartolomeo,false
419,Dynabox,Edgewire,Durante,false
420,Jaloo,BlogXS,Ursa,true
421,Buzzbean,Aibox,Jeffie,false
422,Rhyloo,Flashpoint,Ripley,true
423,Babbleset,Miboo,Lavina,false
424,Voonte,Feedbug,Lexis,true
425,Plajo,Realcube,Wayland,true
426,Kwinu,Quimba,Maxy,false
427,Dabjam,Livetube,Farris,true
428,Fatz,Skipfire,Roy,false
429,Skibox,Kwilith,Brandy,false
430,Topicware,Yakijo,Marijn,true
431,Meeveo,Photolist,Eal,true
432,Flashset,Abata,Jamima,true
433,Trudoo,Abatz,Alexandra,true
434,Feedbug,Twitterworks,Hunt,true
435,Quatz,Meetz,Tiphanie,true
436,Yombu,Trudeo,Lawton,false
437,Linklinks,Jayo,Mateo,false
438,Agimba,Realfire,Abdul,false
439,Layo,Zoovu,Ryann,false
440,Mudo,Browsezoom,Tadeas,false
441,Oyoloo,Tazzy,Betteann,true
442,Shufflester,Edgetag,Tyson,true
443,Twimm,Centizu,Tamma,false
444,Devbug,Topdrive,Joline,false
445,Zoomdog,Rhyloo,Vic,false
446,Viva,Jayo,Magnum,false
447,Meejo,LiveZ,Alberta,true
448,Linkbridge,Vipe,Conrad,false
449,Nlounge,Bubbletube,Wain,true
450,Bubblemix,Youopia,Hewitt,false
451,Wordify,Blogtag,Wallis,false
452,Blogtags,Voomm,Odey,true
453,Browsedrive,Voolith,Cleon,true
454,Skinix,Youbridge,Inness,false
455,Youopia,Devpulse,Adda,false
456,Oba,Wikizz,Keelby,false
457,Skynoodle,Browsedrive,Torey,true
458,Twiyo,Realpoint,Mae,true
459,Ainyx,Gabtype,Jo,false
460,Blogtag,Zooveo,Dael,true
461,Jaxworks,Myworks,Leta,true
462,Topicshots,Thoughtblab,Wayne,true
463,Topiczoom,Meemm,Jany,false
464,Chatterbridge,Linkbridge,Edi,false
465,Trupe,Zoomdog,Miguel,true
466,Flipbug,Jayo,Edna,false
467,Skyvu,Edgeblab,Pattie,false
468,Twimm,Wikizz,Patricia,false
469,Chatterbridge,Dabvine,Catharina,false
470,Wordpedia,Tagpad,Cecily,false
471,Wikizz,Ntags,Connie,true
472,InnoZ,Bluezoom,Galvin,true
473,Teklist,Aimbo,Carlynne,false
474,Livefish,Yacero,Sascha,true
475,Voolith,Thoughtworks,Astrix,true
476,Youopia,Kwinu,Hieronymus,false
477,Quimm,Fadeo,Sunny,false
478,Edgeclub,Linklinks,Gan,false
479,Wordpedia,Realbridge,Orville,true
480,Browsezoom,Lazz,Germana,false
481,Gigabox,Realbuzz,Seka,false
482,Edgeify,Agivu,Quinn,true
483,Photofeed,Brainlounge,Olivero,false
484,Thoughtbridge,Tagfeed,Allie,true
485,Vinte,Skiptube,Gerardo,false
486,Eayo,Pixope,Margi,false
487,Eimbee,Minyx,Hewitt,false
488,Feedspan,Tagchat,Dorie,false
489,Twitterworks,Meevee,Guenna,true
490,Nlounge,Zoomzone,Ingeborg,false
491,Kazio,Thoughtbeat,Wenona,true
492,Quimba,Cogidoo,Mariquilla,true
493,Mycat,Brightbean,Margarette,true
494,Skyvu,Topiclounge,Jarrid,true
495,Jabberstorm,Meetz,Teodora,true
496,Voonix,Browsezoom,Joelly,false
497,Realbridge,Centidel,Flossi,false
498,Dynazzy,InnoZ,Isadore,true
499,Eayo,Riffwire,Orel,false
500,Podcat,Twinte,Jules,false
501,Aivee,Mymm,Doralynne,true
502,Realcube,Shufflester,Nathanial,false
503,Skyvu,Plambee,Nadean,true
504,Quatz,Devshare,Hyacinth,true
505,Roodel,Podcat,Barty,false
506,Eare,Skyndu,Sibylla,false
507,Kwideo,Miboo,Pyotr,true
508,Yodo,Twitterlist,Ellissa,false
509,Tagtune,Wordpedia,Shamus,true
510,Meezzy,Yamia,Rubie,false
511,Kwinu,Realmix,Victoir,false
512,Dablist,Jabbercube,Joanie,true
513,Yakidoo,Kwilith,Kyle,false
514,Yacero,Skinte,Donielle,true
515,Twinte,Brainlounge,Porter,true
516,Buzzdog,Wordpedia,Byrle,false
517,Livefish,Eadel,Julio,true
518,Cogidoo,Oyope,Babette,true
519,Feednation,Ooba,Sarina,true
520,Flashpoint,Youfeed,Adams,false
521,Buzzdog,Izio,Roselia,true
522,Quinu,Skyble,Dede,false
523,Gabspot,Nlounge,Bernie,true
524,Yozio,Livetube,Lambert,true
525,Mynte,Eabox,Hetti,true
526,Devshare,Plajo,Rozina,true
527,Browsezoom,Quatz,Sophie,false
528,Mycat,Yata,Ibby,false
529,Browsedrive,Thoughtsphere,Milo,false
530,Kazu,Tagtune,Etti,false
531,Tagpad,Jaxworks,Birgitta,false
532,Izio,Fivebridge,Marylin,true
533,Livetube,Eadel,Thia,true
534,Yotz,Skaboo,Forrest,false
535,Skipstorm,Voomm,Margalit,true
536,Quire,Ntags,Gale,false
537,Edgeblab,Eamia,Iris,false
538,Dabshots,Geba,Hamil,false
539,Vinte,Thoughtsphere,Katrine,true
540,Oodoo,Voonix,Ethyl,false
541,Rooxo,Vinte,Mikel,false
542,Roodel,Chatterpoint,Alla,true
543,Quatz,Tekfly,Leicester,false
544,Skinder,Aivee,Jocko,false
545,Skivee,Cogilith,Gun,true
546,Twinder,Twimm,Ches,false
547,Edgewire,Innojam,Louis,false
548,Kazu,Skiptube,Valencia,true
549,Meejo,Reallinks,Fernando,false
550,Quaxo,Voomm,Edmund,false
551,Youbridge,Jabbersphere,Wally,false
552,Mynte,Photojam,Mandel,false
553,Linkbridge,Skimia,Janna,true
554,Buzzbean,Topicstorm,Eilis,false
555,Yadel,Kazu,Darbee,true
556,Quinu,Skipfire,Gwen,true
557,Twitterbeat,Realbridge,Rafael,false
558,Blognation,Plambee,Harmonia,false
559,Dablist,Skaboo,Pauli,true
560,Feednation,Babbleblab,Tanitansy,false
561,Aibox,Kaymbo,Rodolphe,false
562,Podcat,Viva,Malena,true
563,Jabbercube,Edgepulse,Franky,true
564,Gigashots,Flashset,Tabitha,true
565,Innojam,Photojam,Hillery,true
566,Voolia,Realmix,Jack,false
567,Browsetype,Geba,Carlen,true
568,Tambee,InnoZ,Rana,false
569,Dablist,Demivee,Zena,true
570,Digitube,Leexo,Skyler,false
571,Divavu,Kamba,Rem,false
572,Yozio,Tazzy,Beilul,false
573,Realpoint,Wikizz,Benedict,false
574,Yabox,Mita,Vasili,false
575,Jabberbean,Katz,Giulietta,false
576,Twitterbeat,Blogpad,Belva,false
577,Zoonder,InnoZ,Bordie,true
578,Podcat,Kwimbee,Nevile,false
579,Eire,Miboo,Lela,true
580,Katz,Bubblebox,Truman,false
581,Skipstorm,Nlounge,Merrill,false
582,Zoomdog,Youspan,Ulla,false
583,Jaxbean,DabZ,Bradly,true
584,Ooba,Dabshots,Alyosha,false
585,Demizz,Voomm,Eb,false
586,Meevee,Eamia,Fair,false
587,Gevee,Mudo,Gerardo,false
588,Yadel,Linkbridge,Kimbra,true
589,Innotype,Meetz,Gus,false
590,Blogtags,Babblestorm,Sibeal,false
591,Jayo,Feedspan,Sherwynd,true
592,Gigabox,Voonix,Caryn,true
593,Ooba,Twiyo,Lyman,true
594,Lajo,Jamia,Lauralee,false
595,Devpulse,Wordtune,Ernie,true
596,Cogidoo,Omba,Jacquenette,false
597,Cogidoo,Dynazzy,Danit,false
598,Feedbug,Voonder,Reidar,true
599,Yotz,Tagfeed,Clo,true
600,Eabox,Quinu,Emmalee,false
601,Babbleblab,Quatz,Cindelyn,true
602,Skyba,Topiczoom,Murial,true
603,Trilia,Jamia,Kelbee,false
604,Quamba,Voonte,Vania,false
605,Snaptags,Topiclounge,Eliza,true
606,Wikivu,Livepath,Alaster,true
607,Oodoo,Divavu,Fayina,true
608,Viva,Digitube,Ly,false
609,Skalith,Shuffletag,Amalia,false
610,Yambee,Buzzster,Ginelle,false
611,Babbleset,Topicshots,Gwenneth,true
612,Zoomzone,Reallinks,Patrica,false
613,Vidoo,Voomm,Germayne,true
614,Vinder,Kwinu,Bibby,true
615,Kwimbee,Jabberstorm,Bili,false
616,Avavee,Jabberstorm,Julina,true
617,Devpoint,Yakijo,Lucina,false
618,Skiptube,Edgepulse,Danny,true
619,Aimbu,Photolist,Marlane,false
620,InnoZ,Aivee,Elise,true
621,Babbleblab,Leexo,Binny,false
622,Browsebug,Ailane,Chickie,false
623,Tagpad,Tagopia,Bobinette,false
624,Babblestorm,Fiveclub,Dorris,true
625,Dabvine,Jaxworks,Moina,true
626,Demivee,Kazu,Stace,false
627,Twinte,Tekfly,Debi,false
628,Skidoo,Kare,Ava,false
629,Viva,Jabbertype,Cilka,true
630,Jetpulse,Kazu,Alberik,false
631,Flashset,Fivespan,Rossy,false
632,Divape,Meetz,Demeter,false
633,Yabox,Demimbu,Nichole,false
634,Tagpad,Fadeo,Frederick,true
635,Layo,Quire,Verla,true
636,Twinte,Skiba,Jacklyn,false
637,Devcast,Devshare,Virgina,true
638,Oloo,Photospace,Von,false
639,Buzzshare,Voonder,Sheela,true
640,Meezzy,Feedmix,Bettine,false
641,Meezzy,Devcast,Margaretha,false
642,Aimbo,Dabtype,Alexandr,false
643,Lazzy,Gigaclub,Verine,true
644,Ooba,Kare,Hillyer,false
645,Ainyx,Zoomdog,Carson,true
646,Jabbersphere,Aibox,Hubey,false
647,Janyx,Quatz,Lewiss,true
648,Janyx,Aivee,Ellswerth,true
649,BlogXS,Edgeify,Bennett,true
650,Feedmix,DabZ,Delmore,true
651,Innojam,Blogpad,Rayner,false
652,Dabvine,Feedmix,Rustin,true
653,Edgewire,Zoonoodle,Olivette,false
654,Feedmix,Realmix,Brose,false
655,Avamm,Jetwire,Nani,true
656,Trunyx,Janyx,Fredericka,false
657,Skipfire,Trilith,Ely,true
658,Ntags,Abatz,Willyt,true
659,Viva,Omba,Letti,false
660,Fliptune,Realcube,Emilia,true
661,Aivee,Oyoba,Caritta,true
662,Kazu,Thoughtbridge,Kally,false
663,Jabbercube,Chatterbridge,Alfonso,true
664,Yombu,Flashdog,Dahlia,true
665,Skyvu,Realmix,Mattie,false
666,Thoughtblab,Plambee,Murielle,true
667,Youbridge,Centimia,Aldis,true
668,Mycat,Tambee,Beltran,false
669,Roodel,Zoonder,Zelma,false
670,Agivu,Jabbersphere,Sandye,true
671,Edgeify,Yodoo,Dita,true
672,Yodel,Realpoint,Marlo,true
673,Brightbean,Rhyloo,Deanna,true
674,Zoovu,Skimia,Yard,false
675,Brainverse,Riffwire,Madelin,false
676,Gevee,Fatz,Brooks,true
677,Nlounge,Zoovu,Cory,true
678,Quamba,Divape,Addison,false
679,Divavu,Tagtune,Seymour,true
680,Yoveo,Browsezoom,Maje,false
681,Riffwire,Linkbuzz,Traci,true
682,Meembee,Fliptune,Bale,false
683,Gabtype,Bluezoom,Rubia,false
684,Yodoo,Linkbuzz,Jessi,false
685,Brainsphere,Voonte,Marijn,false
686,Oyoba,Devpulse,Wylma,true
687,Realblab,Camimbo,Ulla,false
688,Oyondu,Kwilith,Clywd,false
689,Babbleset,Zoombeat,Crawford,true
690,Zoomdog,Tagopia,Brendon,false
691,Twitterlist,Quire,Ianthe,false
692,Photojam,Yodo,Loleta,false
693,Topicware,Youspan,Dinah,true
694,Shufflester,Linktype,Jessalin,false
695,Yadel,Midel,Dyanne,true
696,Thoughtstorm,Yodoo,Luce,false
697,Photofeed,Brainbox,Marga,true
698,Skidoo,Trunyx,Mariette,false
699,Bluezoom,Tagopia,Abrahan,true
700,Quimba,Einti,Starr,true
701,Demimbu,Jabberstorm,Brana,true
702,Mycat,Dabshots,Stewart,true
703,Oodoo,Brightdog,Omar,true
704,Vinte,Fiveclub,Minne,true
705,LiveZ,Kwideo,Nari,true
706,Demimbu,LiveZ,Kendra,true
707,Rhybox,Divavu,Marissa,true
708,Wordify,Tagtune,Cordy,false
709,Trupe,Gigaclub,Angelle,true
710,Edgeblab,Twitterlist,Corette,true
711,Pixope,Roombo,Ina,false
712,Zava,Meedoo,Louisette,false
713,Layo,Einti,Amandi,true
714,Feedmix,Ooba,Stoddard,true
715,Thoughtstorm,Jabbercube,Salim,true
716,Ooba,Abatz,Hermann,true
717,Thoughtmix,Jamia,Deny,false
718,Skipstorm,Rhybox,Ardelis,true
719,Jabbertype,Yombu,Malinde,true
720,Quinu,Gabspot,Temp,true
721,Pixonyx,Riffpath,Binni,true
722,Twiyo,Oodoo,Bordie,true
723,Dynabox,Kaymbo,Ruddy,true
724,Omba,Eare,Persis,true
725,Quinu,Dynabox,Harcourt,false
726,Quaxo,Devshare,Nara,false
727,Riffwire,BlogXS,Martina,false
728,Jetpulse,Avaveo,Tabb,false
729,Mydeo,Skynoodle,Katy,true
730,Eamia,Photojam,Brandise,false
731,Mycat,Twitterbridge,Wilburt,true
732,Mynte,Skinte,Verney,false
733,Npath,Dablist,Conney,false
734,Fivebridge,Demizz,Lia,false
735,Aimbo,Leexo,Towny,false
736,Flipbug,Zoozzy,Lesli,true
737,Cogibox,Jetwire,Tonie,false
738,Tagpad,Oyondu,Dulcia,true
739,Tagpad,Lazzy,Francklin,true
740,Vitz,Eayo,Ardisj,false
741,Agimba,Linkbridge,Roosevelt,false
742,Katz,Skinte,Cam,true
743,Agimba,BlogXS,Kylen,false
744,Katz,Oyoloo,Kenny,true
745,Voonix,Wikivu,Beaufort,false
746,Edgeclub,Linklinks,Tony,false
747,Mybuzz,Yakitri,Gale,true
748,Skilith,Gabtype,Dwayne,true
749,Leexo,Mydeo,Gilbert,true
750,Voonder,Quimm,Myrta,true
751,Devshare,Feedbug,Hermine,true
752,Ntags,Skaboo,Daryl,true
753,Npath,Dabfeed,Yasmin,false
754,Divape,Quinu,Brittan,false
755,Skimia,Jetwire,Kip,true
756,Topiclounge,Tagpad,Frederich,true
757,Thoughtstorm,Abatz,Elias,false
758,Linktype,Livepath,Georgeta,false
759,Wikido,Bubblemix,Germana,false
760,Aimbu,Snaptags,Auria,true
761,Dabjam,Skibox,Emanuele,false
762,Wordtune,Youopia,Cosimo,false
763,Edgeblab,Oodoo,Kordula,false
764,Oyoba,Ntags,Kelley,false
765,Wikizz,Dabjam,Marlow,false
766,Gabvine,Bubbletube,Cecilio,false
767,Dabfeed,Vidoo,Gabie,true
768,Realfire,Blogtags,Arluene,false
769,Avamm,Jaxspan,Wes,true
770,Kwinu,Bluejam,Shay,true
771,Yodoo,Kayveo,Bevvy,true
772,Tagtune,Oyoba,Alisha,false
773,Oyoloo,Avavee,Sheppard,true
774,Latz,Twitterlist,Vanda,false
775,Edgewire,Miboo,Danella,false
776,Chatterbridge,Cogilith,Hamil,true
777,Kwideo,Gigazoom,Issy,true
778,Youbridge,Trilia,Christi,true
779,Quinu,InnoZ,Maggee,false
780,Realbridge,Mita,Efren,false
781,Eamia,Cogilith,Randi,true
782,Agivu,Realcube,Ingrim,false
783,Oyonder,Wikizz,Giacobo,false
784,Digitube,Kazio,Lamont,true
785,Skipfire,Riffpath,Perrine,true
786,Npath,Roombo,Moise,true
787,Oyoba,Yodo,Seymour,true
788,Devcast,Babbleset,Rafa,true
789,Realblab,Mymm,Ronnie,false
790,Eamia,Agivu,Hughie,false
791,Trudoo,Twinder,Dana,false
792,Photobug,Photofeed,Horton,true
793,Abatz,Photofeed,Marna,false
794,Ntags,Izio,Gabey,false
795,Photobean,Fivebridge,Valerye,true
796,Eire,Brightbean,Abey,false
797,Ailane,Tavu,Dominick,true
798,Dazzlesphere,Minyx,Karola,true
799,Tagopia,Fatz,Matthus,true
800,Mudo,Devpoint,Giles,true
801,Youspan,Realbuzz,Nana,true
802,Pixoboo,Livetube,Pietra,true
803,Plajo,Trudoo,Adora,false
804,Mudo,Gevee,Walker,false
805,Izio,Youopia,Jose,false
806,Midel,Meembee,Patrice,true
807,Twimm,Rhynyx,Meg,false
808,Kare,Meevee,Bowie,true
809,Jaxspan,Tagpad,Adrianna,false
810,Zoombeat,Chatterbridge,Guthrey,false
811,Centidel,Kwilith,Falito,true
812,Cogidoo,Meevee,Joanna,false
813,Vitz,Yoveo,Cirstoforo,false
814,Skipstorm,Quinu,Lotte,false
815,Jaxbean,Nlounge,Berny,true
816,Gabvine,Brightbean,Bobinette,false
817,LiveZ,Skinte,Eleanor,true
818,Npath,Tagfeed,Dacy,false
819,Flashset,Thoughtsphere,Ricky,false
820,Katz,Meetz,Nichol,true
821,Vinte,Demizz,Vincenty,true
822,Jabberbean,Skyba,Jimmie,true
823,Pixoboo,Einti,Courtnay,false
824,Mita,Meevee,Alicia,true
825,Shufflebeat,Zoomdog,Cinderella,false
826,Twitterbeat,Meevee,Angela,true
827,Gabcube,Tavu,Danit,false
828,Leenti,Wikizz,Erskine,true
829,Jabberbean,Dabfeed,Engracia,false
830,Blogtags,Miboo,Jacquenette,true
831,Shuffledrive,Midel,Giusto,false
832,Oyoloo,Mybuzz,Ignaz,true
833,Quaxo,Twimbo,Sherline,true
834,Buzzster,Skajo,Ethelind,false
835,Katz,Omba,Barris,false
836,Leexo,Latz,Carlota,true
837,Twinte,Realmix,Daune,false
838,Janyx,Dabtype,Garald,true
839,Meeveo,Yamia,Lemar,true
840,Avaveo,Zazio,Brooks,false
841,Photobug,Centidel,Sophronia,false
842,Realcube,Realcube,Trixi,true
843,Wordify,Gabtype,Neill,true
844,Eamia,Kanoodle,Skelly,false
845,Mycat,Latz,Dorice,false
846,Edgepulse,Shufflester,Hakim,false
847,Tagpad,Yambee,Harper,true
848,Photolist,Jatri,Sibel,false
849,Browsecat,Zoomzone,Dave,false
850,Podcat,Jabbertype,Sinclare,false
851,Babbleblab,Kamba,Arty,true
852,Buzzster,Voonix,Avrom,false
853,Divape,Tazzy,Jannel,false
854,Jabbersphere,Skipstorm,Burt,true
855,Eazzy,Quimba,Shadow,true
856,Aimbu,Bubbletube,Wilek,true
857,Twinte,Twimbo,Lizette,true
858,Dynabox,Jaxnation,Roscoe,true
859,Divape,Zoomzone,Ninetta,true
860,Realbridge,Oyoyo,Libbi,false
861,Fivespan,Buzzdog,Marwin,false
862,Jazzy,Devshare,Berkley,false
863,Tambee,InnoZ,Tyrone,true
864,Midel,Myworks,Annie,false
865,Yodoo,Mydo,Gordon,true
866,Katz,Jatri,Aaron,false
867,Gevee,Livetube,Jasmina,false
868,Dabjam,Centidel,Merrile,true
869,Quaxo,Blognation,Evelyn,true
870,Dabshots,Edgewire,Amelia,false
871,Dablist,Dazzlesphere,Skippy,false
872,Digitube,Tavu,Shantee,false
873,Ainyx,Oodoo,Lorelei,false
874,Fadeo,Devshare,Shannon,true
875,Jabbertype,Browsecat,Moria,true
876,Ntag,Topdrive,Roseann,true
877,Rooxo,Skinder,Catlaina,false
878,Linktype,Oyoloo,Cliff,false
879,Cogilith,Agimba,Etheline,true
880,Thoughtworks,Janyx,Barnabe,true
881,Skipfire,Babbleset,Ranice,true
882,Flipbug,Flashpoint,Helaina,true
883,Jabbertype,Vipe,Katrine,true
884,Roomm,Eire,Norina,false
885,Edgeify,Rhyzio,Reg,false
886,Browsezoom,Jamia,De,false
887,Mynte,Brainlounge,Jerrold,true
888,Youbridge,Divape,Valentin,false
889,Thoughtbridge,Skipfire,Elizabeth,true
890,Browsetype,Babblestorm,Aaron,false
891,Ooba,Buzzshare,Westley,true
892,Dabfeed,Tazz,Chuck,false
893,Lajo,Topiczoom,Brett,true
894,Zazio,Yotz,Hilde,true
895,Izio,Photolist,Celine,true
896,Skinder,Agivu,Lil,true
897,Oyoba,Shufflester,Grier,true
898,Photojam,Livepath,Kellby,true
899,Skidoo,Oloo,Carmela,false
900,Jabbercube,Dabjam,Keeley,false
901,Devpoint,Roomm,Tera,true
902,Fliptune,Jaxworks,Amaleta,true
903,Dabjam,Babblestorm,Ruperto,false
904,Minyx,Skaboo,Courtnay,true
905,Flipopia,Photospace,Felisha,true
906,Twitterwire,Tambee,Ivette,false
907,Feedfire,Bluezoom,Teresa,true
908,Gigabox,Vipe,Walt,true
909,Skyble,Flashspan,Virge,false
910,Realbuzz,Photobean,Pace,true
911,Photolist,Tambee,Rosalyn,false
912,Bubblebox,Roomm,Nyssa,false
913,Jabbercube,Vidoo,Gene,false
914,Jabberstorm,Skilith,Ronny,false
915,Ooba,Aibox,Ailbert,true
916,Aimbo,Linklinks,Roberto,false
917,Browseblab,Babbleset,Lotti,false
918,Voomm,Yakidoo,Wilfred,true
919,Riffpath,Yodoo,Burtie,true
920,Tagopia,Blogtags,Cyndie,false
921,Browsecat,Podcat,Sutherland,false
922,Thoughtbridge,Photolist,Elladine,false
923,Photospace,Linklinks,Matthiew,true
924,Dynabox,Skipstorm,Martita,false
925,Oyoloo,Dabtype,Patsy,false
926,Roodel,Skibox,Hobey,true
927,Yozio,Shufflebeat,Becki,true
928,Eidel,InnoZ,Armstrong,true
929,Zoonder,Mybuzz,Lindsey,true
930,Skimia,Cogibox,Costanza,false
931,Tazz,Zoomcast,Archibald,true
932,Gabtype,Cogibox,Constanta,true
933,Yambee,Cogibox,Jamesy,true
934,Photojam,Centimia,Grete,false
935,Kwimbee,Muxo,Leonardo,false
936,Youspan,Edgewire,Osmond,false
937,Twiyo,Aibox,Wyn,true
938,Quinu,Brainbox,Sterne,true
939,Zooveo,Agimba,Beltran,false
940,Aibox,Shuffledrive,Sandi,true
941,Cogibox,Photobug,Barbara-anne,true
942,LiveZ,Oozz,Alvinia,true
943,Plambee,Flashset,Amory,true
944,Skibox,Dabshots,Norry,true
945,Oyondu,Vipe,Marnie,false
946,Eayo,Ntag,Nicol,false
947,Youbridge,Wikido,Erroll,false
948,Leexo,Rhycero,Corie,false
949,Babblestorm,Edgeify,Erny,true
950,Voonyx,Linkbridge,Lanny,true
951,Fatz,DabZ,Robin,false
952,Browsedrive,Thoughtsphere,Cloris,false
953,Jabbersphere,Flashdog,Lalo,false
954,Bluejam,Zazio,Zarah,true
955,Tavu,Riffwire,Oriana,true
956,Rhynoodle,Reallinks,Cort,false
957,Camimbo,Skiba,Kippar,true
958,Meeveo,Demizz,Gianni,false
959,Oba,Twitterwire,Al,true
960,Quatz,Muxo,Deedee,false
961,Fatz,Brainbox,Loretta,true
962,Wordware,Yamia,Tara,true
963,Centidel,Jaloo,Lou,false
964,Browsebug,Eayo,Jandy,false
965,Trilith,Yodo,Toinette,true
966,Ozu,Topiczoom,Russ,true
967,Rhyloo,Bluejam,Saunder,false
968,BlogXS,Jayo,Urbain,false
969,Camimbo,Yacero,Mill,false
970,Blogtag,Meevee,Sheelah,true
971,Aibox,Tambee,Penelopa,true
972,Meevee,Gigazoom,Celinda,false
973,Skinix,Tazz,Valida,false
974,Gabtune,Quimba,Ford,false
975,Eamia,Quinu,Malinda,false
976,Blogspan,Skyba,Lorelei,true
977,Vimbo,Reallinks,Damian,true
978,Meembee,Miboo,Arluene,false
979,Vinte,Rhyzio,Carmelita,true
980,Ozu,Yotz,Karolina,true
981,Pixope,Photobug,Trish,false
982,Flipstorm,Brightdog,Caty,false
983,Cogidoo,Dynabox,Alysa,true
984,Realmix,Topiczoom,Baudoin,true
985,Browsezoom,Aibox,Jasen,true
986,Vitz,Devify,Florence,true
987,Skyble,Tekfly,Karine,true
988,Oodoo,Tekfly,Bartel,false
989,Oyondu,Yakijo,King,false
990,Topicware,Blogpad,Robert,true
991,Digitube,Mybuzz,Shelton,true
992,Shufflebeat,Brainlounge,Wallie,true
993,Youopia,Katz,Leigha,false
994,Realbuzz,Browsebug,Lucius,false
995,Eayo,Tekfly,Pip,false
996,Digitube,Edgetag,Dag,true
997,Wordify,Wikizz,Samaria,false
998,Quimm,Livepath,Ludovika,false
999,Feedspan,Meezzy,Flor,true
1000,Tazz,Viva,Camella,false
